concept_id,name,n_tk_forms,n_an_forms,tk_mean_len,an_mean_len,abs_delta_mean_len,an_length_band,sca,ned,sca_hit,ned_hit
eye,EYE,25,80,4.64,5.175,0.5350000000000001,5,0.4228348998729566,0.5533333333333333,0,0
ear,EAR,35,80,4.6,6.6625,2.0625,7,0.4828287073877521,0.6666780045351474,0,0
fire,FIRE,21,80,3.3333333333333335,4.825,1.4916666666666667,5,0.3870096660982246,0.5502267573696145,1,0
one,ONE,29,80,3.9310344827586206,4.7,0.7689655172413796,5,0.3826036356805588,0.6977011494252874,1,0
nose,NOSE,34,80,4.852941176470588,5.6875,0.8345588235294121,6,0.3006629185267131,0.5714519140989729,1,0
tongue,TONGUE,19,80,4.0,5.25,1.25,5,0.33109899996539677,0.5488304093567251,1,0
eat,EAT,32,80,3.5,5.0125,1.5125000000000002,5,0.23521634615384615,0.47239583333333335,1,0
night,NIGHT,38,80,5.842105263157895,5.725,0.11710526315789505,6,0.41212355756325497,0.6502715121136173,0,0
blood,BLOOD,31,80,4.161290322580645,5.0,0.838709677419355,5,0.4201248588418345,0.6604966717869943,0,0
dog,DOG,18,80,3.611111111111111,4.6375,1.026388888888889,5,0.3633929460852538,0.5637566137566138,1,0
water,WATER,24,80,3.5833333333333335,4.625,1.0416666666666665,5,0.30578497001573923,0.49027777777777776,1,0
tooth,TOOTH,40,80,4.1,4.9375,0.8375000000000004,5,0.4374230207489317,0.638720238095238,0,0
star,STAR,36,80,6.222222222222222,6.1375,0.08472222222222214,6,0.44727419095066157,0.6417107583774251,0,0
bird,BIRD,33,80,3.6363636363636362,5.7375,2.1011363636363636,6,0.4059644712205387,0.5984848484848485,0,0
fish,FISH,25,80,3.92,4.925,1.005,5,0.37052876354414815,0.5668571428571428,1,0
red,RED,35,80,4.4,6.1625,1.7624999999999993,6,0.39008897805604503,0.6656462585034013,1,0
good,GOOD,33,80,3.5454545454545454,5.4625,1.917045454545455,5,0.3049055826328554,0.6212602212602213,1,0
black,BLACK,30,80,4.066666666666666,6.2375,2.1708333333333334,6,0.32501354407546357,0.5939285714285714,1,0
mouth,MOUTH,27,80,4.148148148148148,5.125,0.9768518518518521,5,0.39603956193587325,0.5852292768959435,1,0
big,BIG,31,80,3.5161290322580645,5.4375,1.9213709677419355,5,0.31546556834398026,0.5942396313364056,1,0
bone,BONE,40,80,4.475,5.3875,0.9125000000000005,5,0.31876335559138014,0.6388690476190476,1,0
neck,NECK,27,80,4.333333333333333,5.55,1.2166666666666668,6,0.38242505543913285,0.6108024691358025,1,0
drink,DRINK,40,80,3.55,4.95,1.4000000000000004,5,0.32515193140193144,0.6386904761904761,1,0
what,WHAT,40,80,5.15,4.925,0.22500000000000053,5,0.31645398361065785,0.5763095238095238,1,0
skin,SKIN,23,80,3.8260869565217392,5.5375,1.7114130434782604,6,0.27918359975216167,0.6086611456176674,1,0
name,NAME,38,80,5.2105263157894735,5.4,0.1894736842105269,5,0.4106256201129981,0.6780701754385965,0,0
who,WHO,40,80,5.15,5.0125,0.13750000000000018,5,0.3472581309464794,0.6095616883116883,1,0
egg,EGG,40,80,3.75,5.9125,2.1624999999999996,6,0.5147144586183048,0.6695634920634921,0,0
earthsoil,EARTH (SOIL),31,80,3.870967741935484,4.9375,1.066532258064516,5,0.3774517459380983,0.6144777265745007,1,0
root,ROOT,37,80,3.972972972972973,5.35,1.3770270270270268,5,0.36830771889476344,0.5898970398970399,1,0
tail,TAIL,40,80,4.3,5.45,1.1500000000000004,5,0.3969005153971218,0.6904166666666667,1,0
new,NEW,21,80,3.7142857142857144,5.5875,1.873214285714286,6,0.3557955963450469,0.5595238095238095,1,0
liver,LIVER,19,80,3.473684210526316,5.5875,2.1138157894736844,6,0.40456249104022385,0.6182957393483709,0,0
come,COME,20,80,3.55,5.075,1.5250000000000004,5,0.264906550714243,0.5933333333333334,1,0
i,I,30,80,3.6333333333333333,4.1125,0.4791666666666665,le4,0.26857177011023164,0.5155555555555555,1,0
thou,THOU,24,80,3.4166666666666665,4.0,0.5833333333333335,le4,0.30615231990231995,0.6569444444444444,1,0
long,LONG,35,80,3.6285714285714286,5.9625,2.333928571428572,6,0.4551957566243281,0.6382653061224489,0,0
bite,BITE,32,80,3.53125,5.9375,2.40625,6,0.3045258801028032,0.5418154761904762,1,0
small,SMALL,35,80,3.2857142857142856,6.0125,2.7267857142857146,6,0.45149439571417593,0.6430612244897959,0,0
two,TWO,30,80,3.8,4.675,0.875,5,0.31852892833662066,0.6685714285714286,1,0
white,WHITE,25,80,4.76,5.875,1.1150000000000002,6,0.3816163597086674,0.6191111111111111,1,0
head,HEAD,27,80,3.888888888888889,5.1875,1.2986111111111112,5,0.22541902541902542,0.5657848324514991,1,0
moon,MOON,40,80,6.45,5.25,1.2000000000000002,5,0.4128247049445407,0.6541756854256854,0,0
sand,SAND,27,80,4.037037037037037,6.125,2.087962962962963,6,0.45596914886130574,0.6643885949441505,0,0
leaf,LEAF,29,80,4.827586206896552,5.3125,0.4849137931034484,5,0.3728097764304661,0.6556339254615117,1,0
sleep,SLEEP,30,80,4.066666666666666,5.6,1.5333333333333332,6,0.16946366454058764,0.48595238095238097,1,0
cold,COLD,38,80,3.9210526315789473,6.3875,2.466447368421053,6,0.414168625606938,0.6408208020050125,0,0
flymovethroughair,FLY (MOVE THROUGH AIR),32,80,3.9375,6.025,2.0875000000000004,6,0.37540489919106856,0.6627852182539682,1,0
dry,DRY,33,80,3.9393939393939394,5.9625,2.023106060606061,6,0.4646572751754722,0.6375541125541125,0,0
hand,HAND,26,80,3.3076923076923075,5.2125,1.9048076923076929,5,0.3872180482239654,0.6506410256410257,1,0
kill,KILL,13,80,3.6923076923076925,6.35,2.657692307692307,6,0.38622349310608417,0.651953601953602,1,0
yellow,YELLOW,32,80,4.75,6.325,1.5750000000000002,6,0.3348008226310352,0.6341145833333334,1,0
person,PERSON,38,80,3.6315789473684212,5.45,1.818421052631579,5,0.41384354353275526,0.6580513784461153,0,0
all,ALL,40,80,4.975,6.1375,1.1625000000000005,6,0.44481836479059034,0.6236706349206349,0,0
swim,SWIM,40,80,5.825,5.725,0.10000000000000053,6,0.44918493736042037,0.6523511904761905,0,0
cloud,CLOUD,28,80,4.535714285714286,5.9875,1.4517857142857142,6,0.4195016933888804,0.628188775510204,0,0
breast,BREAST,23,80,3.8260869565217392,4.875,1.0489130434782608,5,0.3574782946522077,0.5890269151138716,1,0
green,GREEN,32,80,4.5625,6.975,2.4124999999999996,7,0.47072269312512527,0.6257068452380953,0,0
walk,WALK,33,80,5.2727272727272725,6.3125,1.0397727272727275,6,0.2882238778127987,0.6290644540644541,1,0
knowsomething,KNOW (SOMETHING),24,80,3.9583333333333335,5.8625,1.9041666666666663,6,0.4012355733339896,0.541765873015873,0,0
ash,ASH,33,80,4.666666666666667,5.4125,0.7458333333333327,5,0.33462877578262196,0.6004329004329004,1,0
rainprecipitation,RAIN (PRECIPITATION),37,80,3.7027027027027026,5.0,1.2972972972972974,5,0.26366850873638203,0.6066066066066066,1,0
rope,ROPE,31,80,4.741935483870968,4.925,0.18306451612903185,5,0.3430553937377758,0.6129160266257041,1,0
wind,WIND,29,80,3.3448275862068964,5.15,1.805172413793104,5,0.39957633878058285,0.6211822660098522,1,0
laugh,LAUGH,32,80,4.625,5.8625,1.2374999999999998,6,0.4862804943453982,0.6886904761904762,0,0
wing,WING,21,80,4.190476190476191,5.7625,1.5720238095238095,6,0.16633377611399588,0.6077097505668935,1,0
thick,THICK,9,80,3.5555555555555554,6.9375,3.3819444444444446,7,0.5499255730024961,0.5925925925925926,0,0
three,THREE,20,80,4.4,4.55,0.14999999999999947,5,0.46999057352903506,0.7166666666666667,0,0
four,FOUR,15,80,3.2666666666666666,4.725,1.458333333333333,5,0.4112883868268484,0.6355555555555555,0,0
vomit,VOMIT,36,80,4.083333333333333,5.625,1.541666666666667,6,0.33890359877539367,0.6485890652557319,1,0
left,LEFT,33,80,5.393939393939394,5.9125,0.518560606060606,6,0.29017185033227816,0.6317580567580567,1,0
wet,WET,33,80,3.4545454545454546,6.275,2.8204545454545458,6,0.307762522377907,0.6525252525252525,1,0
daynotnight,DAY (NOT NIGHT),39,80,6.923076923076923,5.5,1.4230769230769234,6,0.3915803953633474,0.6145835645835646,1,0
right,RIGHT,20,80,5.95,6.2375,0.28749999999999964,6,0.43802137422709503,0.5953968253968254,0,0
sky,SKY,37,80,4.918918918918919,6.1,1.1810810810810803,6,0.36220070593492837,0.6727233727233727,1,0
five,FIVE,5,80,3.6,4.9875,1.3874999999999997,5,0.47411216234745657,0.5733333333333334,0,0
where,WHERE,40,80,5.875,4.9375,0.9375,5,0.34821550418767017,0.6503427128427128,1,0
heavy,HEAVY,18,80,3.7222222222222223,6.4125,2.6902777777777773,6,0.3543081380792741,0.5686507936507936,1,0
cry,CRY,19,80,4.7894736842105265,5.7625,0.9730263157894736,6,0.33330674566864893,0.5978279030910609,1,0
sharp,SHARP,36,80,3.75,6.5125,2.7625,7,0.4170989611569322,0.5861772486772486,0,0
near,NEAR,34,80,3.8529411764705883,6.5875,2.734558823529412,7,0.4690387222797951,0.6658263305322129,0,0
they,THEY,40,80,6.175,4.7125,1.4624999999999995,5,0.44376148233993257,0.6730257936507936,0,0
year,YEAR,22,80,3.590909090909091,5.6,2.009090909090909,6,0.27093144229507865,0.5970779220779221,1,0
you,YOU,39,80,5.3076923076923075,5.0375,0.27019230769230784,5,0.38439141507188845,0.576027676027676,1,0
grass,GRASS,28,80,3.5,5.7125,2.2125000000000004,6,0.4210337740080791,0.6464285714285715,0,0
flower,FLOWER,21,80,4.9523809523809526,5.7625,0.8101190476190476,6,0.39233522994996817,0.6514172335600907,1,0
short,SHORT,30,80,3.6333333333333333,6.3375,2.704166666666667,6,0.30367200421499063,0.6073015873015873,1,0
salt,SALT,29,80,3.586206896551724,5.1125,1.5262931034482756,5,0.3119656883052109,0.634975369458128,1,0
seven,SEVEN,28,80,3.5714285714285716,5.95,2.3785714285714286,6,0.375450831220062,0.6296768707482993,1,0
six,SIX,21,80,3.4761904761904763,5.725,2.2488095238095234,6,0.4640563404849119,0.6769789734075449,0,0
ten,TEN,23,80,3.3043478260869565,6.1875,2.8831521739130435,6,0.364424850511807,0.6605590062111801,1,0
eight,EIGHT,21,80,4.142857142857143,5.4875,1.3446428571428566,5,0.4836814041856059,0.6730158730158731,0,0
nine,NINE,22,80,3.4545454545454546,5.575,2.1204545454545456,6,0.481030310016324,0.559469696969697,0,0
narrow,NARROW,30,80,4.0,7.05,3.05,7,0.42540981713945514,0.6357034632034632,0,0
snake,SNAKE,16,80,3.8125,5.1,1.2874999999999996,5,0.4288024475524476,0.6004712301587302,0,0
forest,FOREST,30,80,6.033333333333333,6.1875,0.15416666666666679,6,0.3953208182414677,0.6643335368335368,1,0
wife,WIFE,34,80,5.205882352941177,6.6625,1.456617647058823,7,0.4538972084442569,0.56198752228164,0,0
husband,HUSBAND,34,80,5.764705882352941,6.5625,0.7977941176470589,7,0.3616912140295159,0.6159197012138189,1,0
intestines,INTESTINES,29,80,4.379310344827586,6.075,1.6956896551724139,6,0.3516469058238445,0.6078643578643579,1,0
steal,STEAL,24,80,4.5,6.225,1.7249999999999996,6,0.38307792697498577,0.5934027777777777,1,0
shoulder,SHOULDER,23,80,4.826086956521739,6.225,1.3989130434782604,6,0.38478409179078077,0.6106107660455486,1,0
buy,BUY,25,80,3.52,5.6,2.0799999999999996,6,0.3873099789099789,0.6886666666666666,1,0
open,OPEN,31,80,4.096774193548387,5.8625,1.7657258064516128,6,0.41427017427017426,0.6273809523809524,0,0
fog,FOG,31,80,5.290322580645161,6.025,0.7346774193548393,6,0.3511483203703318,0.6151433691756272,1,0
choose,CHOOSE,34,80,4.176470588235294,5.9125,1.7360294117647053,6,0.4332954401053949,0.6654411764705882,0,0
hundred,HUNDRED,22,80,4.2272727272727275,8.4125,4.185227272727272,ge8,0.5839951268622597,0.7363636363636363,0,0
mother,MOTHER,16,80,4.1875,4.8875,0.7000000000000002,5,0.3472458791208791,0.5477678571428571,1,0
father,FATHER,16,80,4.5,4.8125,0.3125,5,0.43236888111888117,0.6541666666666667,0,0
sew,SEW,28,80,4.214285714285714,5.775,1.560714285714286,6,0.37459029523589965,0.6532312925170068,1,0
climb,CLIMB,33,80,5.848484848484849,5.575,0.27348484848484844,6,0.3675728331393947,0.6460393983121255,1,0
hear,HEAR,40,80,5.425,6.325,0.9000000000000004,6,0.431172812737724,0.6462103174603174,0,0
smokeexhaust,SMOKE (EXHAUST),30,80,4.9,5.3125,0.41249999999999964,5,0.3095335715725094,0.581005291005291,1,0
stand,STAND,31,80,3.5161290322580645,6.0875,2.571370967741936,6,0.4586661985008942,0.6706989247311828,0,0
sit,SIT,20,80,3.4,6.3375,2.9375000000000004,6,0.34063286713286717,0.5865476190476191,1,0
louse,LOUSE,23,80,3.9130434782608696,4.75,0.8369565217391304,5,0.3755392339866904,0.5711180124223603,1,0
see,SEE,23,80,4.608695652173913,5.5125,0.9038043478260871,6,0.3293629640737648,0.5762422360248447,1,0
feather,FEATHER,24,80,4.416666666666667,5.9,1.4833333333333334,6,0.45909489988392704,0.6429728835978836,0,0
that,THAT,21,80,4.285714285714286,4.5875,0.30178571428571477,5,0.32056157517695977,0.601360544217687,1,0
this,THIS,17,80,4.529411764705882,4.375,0.15441176470588225,le4,0.2047247274063883,0.40630252100840336,1,0
belly,BELLY,11,80,3.6363636363636362,5.4375,1.8011363636363638,5,0.24086524198412312,0.5575757575757576,1,0
back,BACK,27,80,6.111111111111111,6.125,0.013888888888889284,6,0.4328471278735231,0.6357142857142857,0,0
house,HOUSE,28,80,3.9285714285714284,4.8625,0.9339285714285714,5,0.37294433130971594,0.5654761904761905,1,0
stone,STONE,20,80,3.7,4.975,1.2749999999999995,5,0.3746174730247128,0.6958333333333333,1,0
spit,SPIT,22,80,5.181818181818182,5.8875,0.7056818181818185,6,0.32378454878454876,0.6045995670995671,1,0
rotten,ROTTEN,26,80,3.5,5.9625,2.4625000000000004,6,0.4571010055033724,0.6337454212454212,0,0
dust,DUST,29,80,4.724137931034483,6.55,1.8258620689655167,7,0.36722092298055786,0.5958949096880132,1,0
correctright,CORRECT (RIGHT),23,80,4.217391304347826,6.025,1.8076086956521742,6,0.33003812612508265,0.6004140786749482,1,0
liedown,LIE DOWN,31,80,4.387096774193548,6.5875,2.2004032258064523,7,0.41824470676827996,0.6626737957383119,0,0
how,HOW,40,80,6.525,6.375,0.15000000000000036,6,0.39306985761268165,0.6730555555555555,1,0
blunt,BLUNT,37,80,3.918918918918919,6.8,2.881081081081081,7,0.35846322837273065,0.6346846846846846,1,0
wide,WIDE,19,80,4.894736842105263,6.925,2.030263157894737,7,0.36495641094330006,0.5878446115288221,1,0
sea,SEA,18,80,5.722222222222222,5.15,0.572222222222222,5,0.39733574870621735,0.5753723128723128,1,0
fall,FALL,17,80,3.9411764705882355,5.7625,1.8213235294117647,6,0.23870656300786727,0.492156862745098,1,0
count,COUNT,13,80,3.3846153846153846,5.775,2.3903846153846158,6,0.2863458435056068,0.5423076923076923,1,0
dig,DIG,30,80,4.066666666666666,5.7125,1.645833333333334,6,0.45937906110983034,0.6021428571428571,0,0
mosquito,MOSQUITO,18,80,4.5,6.0375,1.5374999999999996,6,0.39084974937916117,0.6376322751322752,1,0
when,WHEN,40,80,6.45,6.425,0.025000000000000355,6,0.432413041144376,0.6572321428571428,0,0
squeeze,SQUEEZE,27,80,3.2962962962962963,5.9125,2.6162037037037034,6,0.43032733377650156,0.6594356261022928,0,0
throw,THROW,36,80,3.7777777777777777,6.125,2.3472222222222223,6,0.35031770698437364,0.6607142857142857,1,0
spider,SPIDER,36,80,7.444444444444445,7.4,0.04444444444444429,7,0.4460918884244443,0.6075507054673721,0,0
dreamsomething,DREAM (SOMETHING),33,80,6.484848484848484,6.575,0.09015151515151576,7,0.4795101218932651,0.7018256154619791,0,0
warm,WARM,26,80,3.923076923076923,6.775,2.8519230769230774,7,0.3807276845442526,0.6291625041625042,1,0
flow,FLOW,24,80,3.5833333333333335,5.875,2.2916666666666665,6,0.3264474094281787,0.5880952380952381,1,0
and,AND,30,80,3.6,3.825,0.2250000000000001,le4,0.3236008991008991,0.6005555555555555,1,0
dirty,DIRTY,22,80,5.090909090909091,6.525,1.4340909090909095,7,0.4256194513854817,0.6614685819231274,0,0
chew,CHEW,21,80,4.142857142857143,6.2875,2.1446428571428564,6,0.30358621555130927,0.5591836734693877,1,0
needleforsewing,NEEDLE (FOR SEWING),30,80,3.966666666666667,5.45,1.4833333333333334,5,0.3156708944650121,0.6127777777777778,1,0
thousand,THOUSAND,30,80,4.433333333333334,7.95,3.5166666666666666,ge8,0.474443724851441,0.6923112073112073,0,0
fruit,FRUIT,23,80,6.608695652173913,5.4125,1.1961956521739134,5,0.4308865017989809,0.6603456929543886,0,0
hunt,HUNT,35,80,6.257142857142857,6.3625,0.1053571428571427,6,0.4308607809622574,0.6695271441910097,0,0
smellperceive,SMELL (PERCEIVE),22,80,3.727272727272727,5.95,2.222727272727273,6,0.371305007858841,0.6338744588744589,1,0
yawn,YAWN,34,80,6.147058823529412,6.4625,0.3154411764705882,6,0.5107985974410648,0.6484710550887022,0,0
if,IF,30,80,5.166666666666667,4.2125,0.9541666666666666,le4,0.33257683484606565,0.5728968253968254,1,0
thunder,THUNDER,30,80,5.633333333333334,6.5,0.8666666666666663,6,0.41790623621392853,0.6434884559884559,0,0
cooksomething,COOK (SOMETHING),26,80,4.8076923076923075,5.775,0.9673076923076929,6,0.34806605823822456,0.5891941391941392,1,0
shoot,SHOOT,18,80,3.5,5.4875,1.9874999999999998,5,0.21632854263289047,0.6468694885361552,1,0
lightning,LIGHTNING,32,80,6.5625,6.5875,0.025000000000000355,7,0.4002519375463521,0.5693948412698413,0,0
plantsomething,PLANT (SOMETHING),22,80,3.9545454545454546,5.7375,1.7829545454545452,6,0.32230471801770066,0.5277056277056277,1,0
lake,LAKE,20,80,5.25,6.175,0.9249999999999998,6,0.4050709430542207,0.6213690476190477,0,0
fatorganicsubstance,FAT (ORGANIC SUBSTANCE),23,80,4.565217391304348,5.2375,0.6722826086956522,5,0.2757369868098613,0.4977225672877847,1,0
far,FAR,26,80,3.923076923076923,6.0875,2.1644230769230774,6,0.26165011517082526,0.6304029304029304,1,0
in,IN,17,80,4.0588235294117645,6.125,2.0661764705882355,6,0.4860364908304894,0.6586834733893557,0,0
we,WE,26,80,4.076923076923077,5.125,1.0480769230769234,5,0.38220732587596495,0.5460164835164835,1,0
say,SAY,23,80,4.0,5.9125,1.9124999999999996,6,0.3339441811488986,0.6172877846790891,1,0
hide,HIDE,12,80,3.4166666666666665,5.7625,2.3458333333333337,6,0.5012065925527465,0.6482142857142857,0,0
scratch,SCRATCH,10,80,3.8,6.075,2.2750000000000004,6,0.3330559440559441,0.4766666666666667,1,0
at,AT,8,80,3.375,4.0625,0.6875,le4,0.35844017094017094,0.625,1,0
fearbeafraid,FEAR (BE AFRAID),6,80,3.5,6.0625,2.5625,6,0.4804307942769482,0.6257936507936508,0,0
heorshe,HE OR SHE,4,80,3.0,4.45,1.4500000000000002,le4,0.26503496503496504,0.5785714285714285,1,0
branch,BRANCH,11,80,4.0,5.575,1.5750000000000002,6,0.35206611570247937,0.6247835497835498,1,0
burn,BURN,18,80,4.055555555555555,5.7,1.6444444444444448,6,0.4488689657920427,0.6574074074074074,0,0
blowofwind,BLOW (OF WIND),14,80,3.2142857142857144,5.275,2.060714285714286,5,0.19197802197802197,0.5261904761904762,1,0
old,OLD,11,80,3.6363636363636362,6.2625,2.626136363636364,6,0.3644821146219748,0.6439393939393939,1,0
suck,SUCK,18,80,3.7222222222222223,6.45,2.727777777777778,6,0.3694593290949566,0.5997354497354497,1,0
beloworunder,BELOW OR UNDER,22,80,6.363636363636363,5.6375,0.7261363636363631,6,0.3908685618250396,0.6307359307359307,1,0
grow,GROW,21,80,4.333333333333333,5.775,1.4416666666666673,6,0.3910028124572404,0.622235965093108,1,0
twenty,TWENTY,20,80,5.55,8.8,3.250000000000001,ge8,0.5291007862928714,0.7121771284271284,0,0
hold,HOLD,18,80,3.388888888888889,5.875,2.486111111111111,6,0.4335882395912562,0.5882275132275132,0,0
split,SPLIT,17,80,4.470588235294118,6.4,1.9294117647058826,6,0.3507067586489188,0.5898926237161531,1,0
bedeadordie,BE DEAD OR DIE,11,80,3.6363636363636362,5.4375,1.8011363636363638,5,0.3966514060919656,0.5906926406926407,1,0
pound,POUND,22,80,4.454545454545454,6.2375,1.7829545454545457,6,0.3440410960037386,0.5785714285714285,1,0
bealive,BE ALIVE,11,80,3.8181818181818183,5.9,2.081818181818182,6,0.4553885508430963,0.6285714285714286,0,0
hit,HIT,16,80,3.625,5.8125,2.1875,6,0.3827901799055646,0.6331845238095238,1,0
pathorroad,PATH OR ROAD,6,80,4.333333333333333,5.275,0.9416666666666673,5,0.3698491252337406,0.7111111111111111,1,0
worm,WORM,13,80,5.076923076923077,6.725,1.648076923076923,7,0.44096476398095835,0.6436813186813187,0,0
think,THINK,11,80,3.727272727272727,7.775,4.047727272727274,ge8,0.4171914058791887,0.6707792207792208,0,0
child,CHILD,9,80,5.666666666666667,5.5375,0.12916666666666732,6,0.3916222666222666,0.5978835978835979,1,0
stab,STAB,12,80,4.25,5.7875,1.5374999999999996,6,0.3778130416591955,0.7525793650793651,1,0
maleperson,MALE PERSON,13,80,7.846153846153846,6.1375,1.7086538461538456,6,0.6519065659946273,0.7438949938949939,0,0
stick,STICK,15,80,5.666666666666667,5.25,0.41666666666666696,5,0.444360448668141,0.6799206349206349,0,0
workactivity,WORK (ACTIVITY),14,80,7.214285714285714,6.85,0.36428571428571477,7,0.5787089589287392,0.7153061224489796,0,0
fasten,FASTEN,6,80,3.6666666666666665,6.0625,2.3958333333333335,6,0.3408394596856135,0.6777777777777778,1,0
swell,SWELL,1,80,3.0,6.0125,3.0125,6,0.33426573426573425,0.75,1,0
rat,RAT,3,80,3.3333333333333335,5.6875,2.3541666666666665,6,0.5068595222441377,0.6666666666666666,0,0
