pair_id,gloss,pan,pkd,generosity,plausible_sound_correspondences,reasoning,is_hit,permutation_id,batch_id
001_1sg,1sg,*aku,*aku,5,identical,"The PAN and PKD forms are segmentally identical, making for a perfect match.",1,0,p0
002_2sg,2sg,*-Su; *-mu (plural),*-məː,5,"PAN *-mu matching PKD *-məː, especially in the plural; vowel and nasal features correspond plausibly","Both reconstructions are very similar, particularly PAN *-mu and PKD *-məː, with only a minor difference in vowel quality and length.",1,0,p0
003_afraid_fear,afraid; fear,*talaw,*C-laːw,5,PAN *t- > PKD *C-; rest of the segments match closely,"The segmental match is extremely close, with only minor variation in the initial and otherwise highly similar sequences.",1,0,p0
005_arm,arm,(PMP *baRa; *ləŋən),*qeːn,2,"Possible *ŋ > n, similar vowel coloring","There is limited overlap: some nasality and vowel similarity, but otherwise the segmental forms diverge considerably.",0,0,p0
008_big,big,*Raya,*bəːk,1,none noted,There is no appreciable phonetic similarity between these forms.,0,0,p0
009_bird_chicken,bird; chicken,*maNuk,*malok,4,*maN- > *mal-/*na-; *k > *k,"There is a close correspondence in the onset, medial and coda segments between the forms, with some plausible nasal assimilation.",1,0,p0
010_bitter,bitter,*paqit,*CV-qəm,2,"Possible *q > q, weak overlap in overall structure","They share a medial *q and final labial/nasal, but otherwise diverge significantly with respect to syllabic structure.",0,0,p0
011_blow,blow,*səyup,*h-ju(1/2)p,2,"Possible *yu > ju, weak root similarity","Only the medial *yu ~ *ju element shows some similarity; otherwise, the forms do not align well.",0,0,p0
013_body_hair,body hair,*bulu,*qupu1l,3,"*b > q, *lu > l, nasal and liquid can weakly correspond","There is a decent match in the medial and coda positions, though the onsets differ.",0,0,p0
016_carry_on_a_pole,carry on a pole,*pasaqaN,*ʈaːp,2,"p-t (marginal), final k ~ p swap, a-vowels present","The segmental shapes are quite different; only the initial obstruents and low vowels provide marginal similarity, but overall correspondences are weak.",0,0,p0
019_chest,chest,*daSdaS; *dəbdəb; *Rusuk (ribcage/sternum),*u2k,2,"Rusuk ~ u2k/ʔɤk (k ending), otherwise diverging","Only 'Rusuk' and 'u2k' / 'ʔɤk' align in terms of the final /k/ and possible r~ʔ, but little else in form directly matches.",0,0,p0
021_cold,cold,*ramig; *giŋgiŋ,*kVniːt,2,"giŋgiŋ ~ niːt (ŋ~n, i vowel), ramig less related","There is slight similarity between the nasal/velar segments and the high front vowels, but the overall roots are quite different in shape.",0,0,p0
022_cook,cook,*[N/n]asu(k); *taNək; *-sak,*C̥V-ru(ː)ŋ,2,nasuk/taNək/sak ~ ruŋ; nasu(k) may marginally echo ruŋ via nasal and k/ŋ codas,"Possible resemblance through nasal codas and maybe voicing, but otherwise the shapes differ significantly.",0,0,p0
023_cry,cry,*Caŋis,*tVŋi(j),3,"Caŋis ~ tVŋi(j); ŋ and i present, C~t","Both forms feature a nasal+front vowel cluster, and initial consonants could potentially correspond under a generous stance.",0,0,p0
024_dark_black,dark; black,*-dəm,*(C̥V/m)-dam,5,"dəm ~ dam (direct), m-dam, C̥.dam","The segmental shapes align nearly perfectly between all forms, with consonant and vowel values essentially matching.",1,0,p0
025_deaf,deaf,*Culi,*CV-lək,3,"Culi ~ lək/nuək; medial l and final k common, otherwise initial mismatch","The medial /l/ and final /k/ are shared across forms, but the initial and vowels only partially align.",0,0,p0
026_deep,deep,*daləm,*C-alək,4,"daləm ~ alək/lɤk; l-m, l-k, sharing l and schwa/k; d-~l-","There is a clear resemblance in the middle and final segments, especially the /l/ and /k/ codas, and vowel patterns are similar.",1,0,p0
027_die,die,*(m/p-)aCay,*p-ataːy,5,"aCay ~ ataːy/taːj; C~t, ay~aːy","The shapes are highly similar, with parallel initial consonants and almost identical final syllables across all forms.",1,0,p0
029_drop_fall,drop; fall,*-tuq,*tok,5,"tuq~tok, direct t~t and k~q, vowel matches","Segmental forms match very closely: identical consonants and vowel, differing only in vowel length or a final glottal/velar stop.",1,0,p0
030_duck,duck,(PMP *ŋaRaq),*CV-bit,2,"ŋaRaq ~ pit, only vague k~t root resemblance","Little overlap except possible vague root-final correspondence (k~t); otherwise, the forms do not closely resemble each other segmentally.",0,0,p0
031_eat,eat,*ka(ʔ)ən,*(i-)kan,5,"PAN *ka(ʔ)ən / PKD *(i-)kan: Initial k-, final -an identical, medial -ʔ- could be lost.","Both forms have initial k-, and end in -an, with possible medials aligning through simple consonant loss. Very similar shapes.",1,0,p0
032_eight,eight,*walu,*C[lab]ɭuː,2,"possible *w- > *C-, *l > *ɭ, *u matches","Only the final vowel matches directly; initial *w- does not closely match initial C[lab]-, but both are labial; medial segments do not align, giving low similarity.",0,0,p0
033_excrement,excrement,*Caqi; (PMP *taqay),*CV-q[i/aːj],4,"*C- > *CV-, *-q- conserved, *-i/-aj endings align","Consonantal template and final segment (*qi, *qay / *q[i/aːj]) are reasonably close under a generous assumption, with recurrent q-initial/medial elements.",1,0,p0
034_eye,eye,*maCa,*m[a/ə]ʈaː,3,"*ma- > *m[a/ə]-, *Ca / *ʈaː (possible coronal affiliation)","Initial *ma- aligns with *m[a/ə]-, but the second syllable matches only loosely with *Ca and *ʈaː showing both coronal vowels/consonants.",0,0,p0
035_fart,fart,*qətut,*k[a/ə]tu2t,5,"*q- > *k-, *ə > *a/ə, *tut > *tu2t",Segmental structure matches throughout with conservative correspondences: CVCVC with all major consonants and vowels aligned.,1,0,p0
036_fingernail,fingernail,*kuSkuS,*CV-lep,2,"no clear segmental alignment, possible *S > *l correspondence",The forms diverge in both consonant structure and vowel sequence; only possible hypothetical coronal correspondence.,0,0,p0
037_fire,fire,*Sapuy,*apuy,4,*Sapuy > *apuy (s-initial possibly lost; remainder identical),"Removing initial *S- leaves *apuy, which is identical; only loss of initial consonant needed for full alignment.",1,0,p0
038_five,five,*lima,*ɭVmaː,5,"*lima / *ɭVmaː: *l > *ɭ, *ma conserved, initial vowel and length could overlap","Nearly perfect alignment with only a minor difference in the quality of initial liquid and vowel, both of which are plausible variants.",1,0,p0
040_flow,flow,*qaluR; *qaNud; (PMP *qaRus; *qaliR; *saliR),C̥V-luy,3,"Syllabic *CV-l- > *l-, *uR~uy > *uj, initial C̥V- could correspond to *qalu~qali,","Medial and coda sequence align, but initial clusters and intervening segments are only partially similar.",0,0,p0
041_foot1,foot1,*[w/q]aqay,*tiːn,1,none noted,"Segmental structure and every consonant and vowel are completely different, with no plausible path to connection.",0,0,p0
042_foot2,foot2,*[w/q]aqay,*kok,1,none noted,"Aside from both being short and consonant-vowel structures, there are no overt similarities in sound sequence.",0,0,p0
044_fruit,fruit,*buaq,*CV-maːk,3,"*b- > *m- (both voiced labials), *uaq~aːk retains the final k-component","Initial labial and final velar are similar, but the vowel sequence is only loosely similar and the initial voicing differs.",0,0,p0
045_full,full,*pəNuq,*C[lab]V-tiːk,2,"*p- > *t-, *Nu > *tiː, but little else matches","Possible underlying correspondence between initial stops and an open syllable structure, but specific consonant and vowel segments are mostly divergent.",0,0,p0
046_hand,hand,*qalima,*C-iməː,2,"Initial C- could perhaps match PAN *q-, but medial -l- vs. -m- mismatch; final -a vs. -əː.","Medial and final segments are not well aligned, though initial segments have a very distant plausibility. Overall segmental shape is not close.",0,0,p0
048_head,head,*quluh,*kuɭuː,4,PAN *q-/*k- ~ PKD *k-; medial -l-; final -uh ~ -uː.,"Onset and medial clusters fit well; both have rounded finals. Slight difference in medial -l- vs. -ɭ-, but this is within generous comparison. Vocalism is also similar.",1,0,p0
049_hold_grab,hold; grab,*-[g/k]əm,*N-kamᴬ,5,PAN *g/k- ~ PKD *k-; coda -m.,Initial and coda segments are almost identical in possible alternants. Nasal prefix N- and medial vowels are compatible.,1,0,p0
050_hole,hole,*buhaŋ; *kalih; *lubaŋ (burial pit),*ɟoːŋ,2,Vowel nuclei and final -ŋ shared in some alternates.,"Only *lubaŋ shares a similar final, but otherwise segmental shape varies greatly between sets, especially with divergent onsets.",0,0,p0
055_leaf,leaf,*waSaw,*bəː,2,"PAN *wa- ~ PKD *bə-, possibly analogous, coda -w/ɯ̯-.","Some resemblance in final on-glide, but the PAN initial is not close; major differences in overall segmental shape.",0,0,p0
059_lick,lick,*dilaq,*liːm,2,"Medial *l and high vowel may be analogous, but rest remote.","Some partial similarity in vowels/consonants but overall configuration, onset, and coda do not align well.",0,0,p0
060_liver,liver,*qaCay,*tap,2,"Possible matching vowel (a) and coda (p), but onsets diverge.","While codas and vowels are remotely similar, onsets do not match and medials diverge; shapes are overall not close.",0,0,p0
061_loom_weave,loom; weave,*qatip (part of loom); t[i/ə]nun (weave),*uʈəːk,2,Possible correspondence in medial *t/ʈ/tr and coda *k.,"Marginal similarity in the main consonant clusters and final segment, but initial and overall syllable structure are quite mismatched.",0,0,p0
062_louse,louse,*kuCu,*C-uʈuː,4,Shared initial velar and medial/labial segments (k~C; u; C; u~u; final similarity in -Cu~uʈu),"The structures are both disyllabic with high rounded vowels followed by similar final syllables; the match between *kuCu and *C-uʈuː is suggestive in shape, especially under hypothetical correspondences.",1,0,p0
064_moon,moon,*bulaN,*buɭaːl,5,bu~bu; laN~laːl clear correspondences; matching segment order.,"The segments are strikingly similar with only minor differences in the coda, and the syllabic structure closely matches overall.",1,0,p0
065_mushroom,mushroom,*kulaC (bracket fungus); *bajiw; *quSuŋ,*C-uret,2,"Some overlap in *kulaC ~ *C-uret via liquid and front vowel, but segments differ overall.","There are scattered matching segments (liquids/V/C), but the overall structure and syllabic outline diverge significantly.",0,0,p0
066_navel,navel,*puja,*C[lab]udəː,2,"Initial p~[labial] possible; j~d potentially plausible as liquids/semivowels, but forms are fairly distinct.",Minor shape overlap is possible but the overall syllabic and consonantal patterns are divergent.,0,0,p0
068_new,new,*baqəRuh,*C̥-maːl,2,"ba~ma or R~m, final h~l both possible in broad correspondences.","Some consonantal similarities can be drawn in a very generous fashion, but segment order and vowels differ substantially.",0,0,p0
069_nine,nine,*siwa,(*s(i)waː),5,siwa ~ s(i)waː nearly identical segmentally outside of vowel length.,"The forms are near matches in consonant and vowel sequence, providing a highly similar overall shape.",1,0,p0
070_nose,nose,*ujuŋ,*(ŋ)-V[+H]daŋ,2,"Possible -uŋ ~ -aŋ, and u~V, but initial segments do not clearly align.","There is only partial resemblance in the rhyme, and the onset divergence is strong, giving a weak match.",0,0,p0
071_one,one,*isa,(*icəː),2,"i~i, sa~cə, but overall shapes do not match much.","Apart from the presence of high vowels, the structures and segment order differ considerably.",0,0,p0
073_outside_go_outside,outside; (go outside),*NataD,*oːk,1,"Final k is shared, but onset and vowel shapes are very different.",The strong mismatch in both onset and most of the vowel/consonant sequence leaves little room for plausible shape alignment.,0,0,p0
076_pig,pig,*babuy; *bəRək,*xVmuː,2,"mu~mu in some alternates, but initial segments and onsets are less similar.","Some overlap present in the rhyme, but initial positions and root shape do not convincingly align.",0,0,p0
078_rain,rain,*quzaN; *salaw,*CV-pu1n,2,"Possible *pu- : *qu- or *sal- : *pu-, but only weak resemblance.","Phonetic overlap is weak: no clear segmental parallels in the main syllables between options, except perhaps *quzaN : *pu1n for the *uN coda, but overall similarity is low.",0,0,p0
081_road,road,*zalan,*c-ugu2n,2,Possibly *zal- : *c-ug- but this is weak.,"*zalan and *c-ugu2n diverge strongly in most segments; only tenuous link in the initial coronal segment, but little overt resemblance.",0,0,p0
082_scale_skin,scale; skin,*qaNiC,*kalec,3,"*qa- : *ka-, -n- : -l-, -iC : -ec.","Vowel and nasal/liquid are reasonably close in *qaNiC : *kalec, and both forms are disyllabic with similar syllable structure, but segment realization differs.",0,0,p0
083_seed,seed,*binəSiq; *Rahap,*ipan,2,"Perhaps -p- : -p-, but otherwise none noted.","*binəSiq; *Rahap vs. *ipan have very limited resemblance, with only a possible vague parallel in a final *-p- or labial.",0,0,p0
084_seven,seven,*pitu,*CV-tuː,3,*tu : *tuː.,"Second syllable shows clear similarity in *pitu : *tuː, though the first syllables are less alike.",0,0,p0
087_shoulder,shoulder,*qabaRa,*CV-baː,4,*ba : *baː.,"Main root syllable shows strong resemblance, with similar onset and vowel; initial prefixal segments are less certain.",1,0,p0
090_six,six,*(x)ənəm,*xən[a/ə]m,5,*xənəm : *xən[a/ə]m.,Forms are nearly identical in both consonant and vowel segments; likely only minor transcription differences.,1,0,p0
091_skin,skin,*kuliC,*CV-nəŋ,2,"Possible *k-n : *n-, but overall quite different.","Only possible similarity is a nasal segment, but otherwise little overt resemblance between the forms.",0,0,p0
093_sky,sky,*Rabun,*C-bu1n,4,*bun : *bu1n.,"Core syllable matches closely, only differing in possible prefix or initial consonant voicing.",1,0,p0
094_snot,snot,*ŋuSuR,*muːk,2,"ŋ ~ m, SuR ~ uːk","Initial nasal can arguably shift between ŋ and m, and u/vowel quality is maintained. Medial s/k mismatch and divergent codas reduce similarity. Weak match overall.",0,0,p0
096_stand,stand,*diRi,*CV-ɟuːn,1,none noted,No clear segmental similarity; diRi and ɟuːn show no matching consonants or vowels. Different shapes and syllabic structures.,0,0,p0
098_steal,steal,*Cakaw,*C̬ilakᴰ,2,Ca~Ci; kaw~lak,"Match for second syllable is possible (kaw~lak), but first syllable differs substantially. Lenition or metathesis would be required. Overall quite distinct.",0,0,p0
100_stone,stone,*batu,*ʈiːl,1,none noted,"Phonetic forms are entirely different, with no clear matching segments between Austronesian and Kra-Dai forms.",0,0,p0
101_sweet,sweet,(PMP *həmis),*CV-waːl,2,"h~w (possible weak correspondence), mis~waːl (mid vowels)","CV shapes are similar but not segmentally; possible weak parallel (h~w), but core segments and structure do not closely align.",0,0,p0
102_tail,tail,*(k)ikuR,*CV-cu1t,2,k~c; ku~cu,"Some similarity in ku~cu segments. Other elements diverge, and codas do not align. Medial consonant difference is considerable.",0,0,p0
104_this,this,*-ni,*niː,5,Full match: ni ~ niː ~ naj,"All forms closely align with segmental matches throughout, only varying in length or nasalization.",1,0,p0
105_three,three,*təlu,*utuː,1,none noted,No clear matching segments or structure between the Austronesian and Kra-Dai forms.,0,0,p0
107_to_fly,to fly,*layap,*CV-pil,2,p~p/b; il~yap,"Marginal similarity in second syllable vowel, but onset and medial segments are quite different. Structure differs.",0,0,p0
109_tongue2,tongue2,*Səma,*Səmaːᴬ,5,Full match: Səma ~ Səmaː,Virtually identical segmental structure except for vocalic length; highly plausible surface similarity.,1,0,p0
110_tooth,tooth,*[l/n/ŋ]ipan,*(l)ipan,5,Initial lateral/nasal and full 'ipan' sequence match; both allow for l/n variants,"Ignoring the optional initial lateral, both forms closely match in all segments. The alternate initials add yet more overlap.",1,0,p0
111_transplant_plant,transplant; plant,*CaNəm,*tVl(j)am,3,Medial stops and nasals; possible t/C alignment and nasal coda correspondence,"Both forms share a medial nasal and an -am/əm ending, but initial consonant and medials are less closely aligned; overall moderate resemblance.",0,0,p0
113_two,two,*duSa,*Vsaː,3,Final -sa aligns; initial voiced stop reducing to V- is plausible,"The main similarity is in the 'sa' sequence, though the initial segments are only distantly related in shape; moderate segmental overlap.",0,0,p0
114_village,village,*asaŋ; *taNaS,*baːn,2,Possible nasal-final and initial stop correspondence; little else,"Some potential overlap with *asaŋ > *baːn in terms of final nasal and possible initial correspondence, but differences in root structure are significant.",0,0,p0
115_vomit,vomit,*utaq,*utaːk,5,Complete stem match: 'utaq' and 'utaːk',"Both forms are nearly identical in all segments, differing only in vowel length. Direct segmental match.",1,0,p0
116_wash,wash,*basəq,*C-sak,4,"Initial 'b/C', root 'sak~səq', final 'k' matches",Both forms have a similar segmental sequence with only a voicing difference in the initial and vowel variation; very close overall shape.,1,0,p0
117_water,water,*daNum,*danam,5,"Full match: initial, medial, and nasal coda identical","Every segment aligns closely, with only minor vowel alternation possible; the forms are virtually identical in structure.",1,0,p0
118_wing,wing,*paNi[d/j],*CV-piːk,3,Pi sequence and final 'k' match; less clear initial correspondence,"There's a core 'pi' + coda 'k' present in both, but initial segments diverge (paNi- vs. C/pi-); still a moderate segmental resemblance.",0,0,p0
120_younger_siblings,younger siblings,*Suaji,*naɭoːŋ,1,none noted,"No clear segmental similarity between these forms, aside from some possible medial glide, but overall sequence is very different.",0,0,p0
